user id|full name|age|gender|zip code
1|Ryan James|24|M|85711
2|Alice Graves|53|F|94043
3|Ambrose Smith|23|M|32067
4|Bobby Alvarez|24|M|43537
5|Latosha Jiles|33|F|15213
6|Louis Mcmillen|42|M|98101
7|Guy Lacour|57|M|91344
8|Kevin Chambers|36|M|05201
9|Gerald Lewis|29|M|01002
10|Daniel Manuel|53|M|90703
11|Ruth Ladner|39|F|30329
12|Grace Numbers|28|F|06405
13|Frank Elliott|47|M|29206
14|David Valle|45|M|55106
15|Cathleen Hills|49|F|97301
16|William Mccorkle|21|M|10309
17|Robert Everitt|30|M|06355
18|Sybil Wilson|35|F|37212
19|David Woods|40|M|02138
20|Diane Housley|42|F|95660
21|Tony Goad|26|M|30068
22|Reginald Robbins|25|M|40206
23|Rachel Nelson|30|F|48197
24|Carley Haynes|21|F|94533
25|Clifford Putzier|39|M|55107
26|Hershel Young|49|M|21044
27|Crystal Levings|40|F|30030
28|Thomas Burger|32|M|55369
29|Jerry Alter|41|M|94043
30|Courtney Fazio|7|M|55436
31|David Coffie|24|M|10003
32|Dollie Introini|28|F|78741
33|John Highland|23|M|27510
34|Martha Panek|38|F|42141
35|Dawn Elsberry|20|F|42459
36|Justine Purvis|19|F|93117
37|Gary Larson|23|M|55105
38|Cynthia Hanley|28|F|54467
39|Tommy Collins|41|M|01040
40|John Short|38|M|27514
41|James Militello|33|M|80525
42|Michael Roberts|30|M|17870
43|Grazyna Pak|29|F|20854
44|Robert Hunter|26|M|46260
45|Harold Oneal|29|M|50233
46|Lorene Cash|27|F|46538
47|Edward Harmon|53|M|07102
48|Spencer Chandler|45|M|12550
49|Margaret Pacheco|23|F|76111
50|John Arra|21|M|52245
51|Danny Nunez|28|M|16509
52|Olga Lester|18|F|55105
53|John Muzyka|26|M|55414
54|Jim Paradee|22|M|66315
55|Renato Ray|37|M|01331
56|Douglas Shedlock|25|M|46260
57|John Corner|16|M|84010
58|Thomas Smith|27|M|52246
59|Richard Mccrae|49|M|08403
60|John Drees|50|M|06472
61|Olen Maguire|36|M|30040
62|Tammy Williams|27|F|97214
63|Frank Pryor|31|M|75240
64|John Hutchinson|32|M|43202
65|Tammy Gove|51|F|48118
66|David Miller|23|M|80521
67|Elijah Farnan|17|M|60402
68|Charles Hearne|19|M|22904
69|Michael Hoggatt|24|M|55337
70|Brandon Benefiel|27|M|60067
71|Larry Waters|39|M|98034
72|Judith Bentley|48|F|73034
73|Carl David|24|M|41850
74|William Montalvo|39|M|T8H1N
75|Larry Botello|24|M|08816
76|John Teodoro|20|M|02215
77|Jon Lama|30|M|29379
78|Joshua Mcdougal|26|M|61801
79|Lolita George|39|F|03755
80|Brenda Bridgers|34|F|52241
81|Brent Knight|21|M|21218
82|Thomas Moore|50|M|22902
83|Steven Seith|40|M|44133
84|Timothy Fleming|32|M|55369
85|George Dininno|51|M|20003
86|Miguel Ahearn|26|M|46005
87|Basil Hughes|47|M|89503
88|Milagros Eppinger|49|F|11701
89|Myrta West|43|F|68106
90|Cody Boucher|60|M|78155
91|Chris Bergan|55|M|01913
92|Larry Jackson|32|M|80525
93|William Seward|48|M|23112
94|Walter Brann|26|M|71457
95|Jimmy Horton|31|M|10707
96|Kimberly Milton|25|F|75206
97|Allen Landon|43|M|98006
98|Holly Diaz|49|F|90291
99|Lawrence Wright|20|M|63129
100|Michael Fazzino|36|M|90254
101|Scott Keller|15|M|05146
102|James Hampton|38|M|30220
103|Luis Foreman|26|M|55108
104|Martin Glidewell|27|M|55108
105|Clarence Myrick|24|M|94043
106|Michael Channel|61|M|55125
107|Scott Ginn|39|M|60466
108|Julian Shearer|44|M|63130
109|William Fraser|29|M|55423
110|Melvin Guerrero|19|M|77840
111|Levi Miller|57|M|90630
112|Anthony Keller|30|M|60613
113|Thomas Freeman|47|M|95032
114|Henry Miley|27|M|75013
115|Glenn Mercer|31|M|17110
116|Raul Williams|40|M|97232
117|Patrick Sanders|20|M|16125
118|Ralph Johnson|21|M|90210
119|William Morrow|32|M|67401
120|Margaret Davis|47|F|06260
121|Hassan Lynch|54|M|99603
122|Cynthia Mcgee|32|F|22206
123|Jessica Shull|48|F|20008
124|Edwin Banks|34|M|60615
125|Joseph Cotton|30|M|22202
126|Mary Chapman|28|F|20015
127|Thomas Evans|33|M|73439
128|Lucille Torres|24|F|20009
129|Betty Wene|36|F|07039
130|Kelvin Beck|20|M|60115
131|Beatrice Wang|59|F|15237
132|Paul Keomuangtai|24|M|94612
133|Matthew Lopez|53|M|78602
134|Edgar Fain|31|M|80236
135|Kevin Koslosky|23|M|38401
136|Aron Carroll|51|M|97365
137|William Taylor|50|M|84408
138|Rodrigo Pate|46|M|53211
139|Clayton Casanova|20|M|08904
140|Maggie Haider|30|F|32250
141|Terry Ranney|49|M|36117
142|Arthur Elliot|13|M|48118
143|Everett Collado|42|M|08832
144|Tommy Corey|53|M|20910
145|Richard Reik|31|M|V3N4P
146|Adam Rincon|45|M|83814
147|Penny Catchings|40|F|02143
148|Orlando Coleman|33|M|97006
149|Leslie Cason|35|F|17325
150|Crystal Santistevan|20|F|02139
151|Laverne Graham|38|F|48103
152|Melissa Hubbard|33|F|68767
153|Ismael Hudgens|25|M|60641
154|Sheldon Gonzalez|25|M|53703
155|Jeanette Musso|32|F|11217
156|Darrin Harrison|25|M|08360
157|Fred Canal|57|M|70808
158|Guy Washington|50|M|27606
159|Corliss Chalifoux|23|F|55346
160|Joshua Gillilan|27|M|66215
161|Bruce Raymond|50|M|55104
162|Jason Minor|25|M|15610
163|John Yale|49|M|97212
164|Christopher Martinez|47|M|80123
165|Michelle Schultz|20|F|53715
166|Leroy Dominguez|47|M|55113
167|Steve Powell|37|M|L9G2B
168|Sean Lung|48|M|80127
169|Jessica Guzman|52|F|53705
170|Lori Malton|53|F|30067
171|Clarice Alverez|48|F|78750
172|Wayne Koch|55|M|22207
173|Matthew Bonner|56|M|22306
174|Janet Hauser|30|F|52302
175|Melanie Cates|26|F|21911
176|Michael Andrews|28|M|07030
177|Joseph Jones|20|M|19104
178|William Hutchins|26|M|49512
179|Dustin Perez|15|M|20755
180|Dianne Rubino|22|F|60202
181|Darryl Ericson|26|M|21218
182|Bobby Vitale|36|M|33884
183|Ronald Whitaker|33|M|27708
184|Robert Dasilva|37|M|76013
185|Gladys Chambers|53|F|97403
186|Jennifer Robidoux|39|F|00000
187|Martin Davis|26|M|16801
188|Michael Slowik|42|M|29440
189|Harold Augustine|32|M|95014
190|Erick Friscia|30|M|95938
191|Charles Kyer|33|M|95161
192|Geoffrey Ovando|42|M|90840
193|Tyler Wilborn|29|M|49931
194|Guadalupe Washington|38|M|02154
195|Branden Liriano|42|M|93555
196|Michael Hall|49|M|55105
197|Shaun Halvorsen|55|M|75094
198|Belinda Williams|21|F|55414
199|Duane Conyers|30|M|17604
200|Jeremy Mcgee|40|M|93402
201|William Desir|27|M|E2A4H
202|Laurie Sane|41|F|60201
203|Christine Macklin|25|F|32301
204|Erin Kemp|52|F|10960
205|Willie Torres|47|M|06371
206|Yvonne Bohman|14|F|53115
207|Kevin Dickerson|39|M|92037
208|Terry Davis|43|M|01720
209|Marilyn Brotherton|33|F|85710
210|John Slavin|39|M|03060
211|Donald Lawrence|66|M|32605
212|Rena Allen|49|F|61401
213|Charles Freeman|33|M|55345
214|Nancy Armstrong|26|F|11231
215|James Pryor|35|M|63033
216|Sergio Ack|22|M|02215
217|Benjamin Skolnick|22|M|11727
218|Robert Robinson|37|M|06513
219|Gerald Hart|32|M|43212
220|Mike Conorich|30|M|78205
221|Edwin White|19|M|20685
222|Frederick Hall|29|M|27502
223|Jennifer Roesch|19|F|47906
224|Barbara Reichel|31|F|43512
225|Janie Davis|51|F|58202
226|Ray Vasquez|28|M|92103
227|Alexander Haight|46|M|60659
228|Mariah Dorsey|21|F|22003
229|Claudia Anthony|29|F|22903
230|Shirley Brown|28|F|14476
231|Tracy Ware|48|M|01080
232|Adam Brown|45|M|99709
233|Fred Mceachran|38|M|98682
234|David White|60|M|94702
235|Jerry Emmanuel|37|M|22973
236|Teresita Hawkins|44|F|53214
237|Dave Gulinson|49|M|63146
238|Stephanie Mayton|42|F|44124
239|Brandon Mecham|39|M|95628
240|Joanna Jenkins|23|F|20784
241|Nancy Wait|26|F|20001
242|Curtis Gill|33|M|31404
243|James Soucy|33|M|60201
244|Oscar Dixon|28|M|80525
245|Terry Larocque|22|M|55109
246|Michael Rushing|19|M|28734
247|Adrian Watts|28|M|20770
248|William Salley|25|M|37235
249|Scott Guyton|25|M|84103
250|Walter Johnson|29|M|95110
251|Carlos Poling|28|M|85032
252|Steven Loeffel|42|M|07733
253|Aretha Harrington|26|F|22903
254|William Bradley|44|M|42647
255|George Garcia|23|M|07029
256|Antonia Busch|35|F|39042
257|Curtis Harris|17|M|77005
258|Terri Nester|19|F|77801
259|Roy Thompson|21|M|48823
260|Yetta Delang|40|F|89801
261|Victor Plourd|28|M|85202
262|Jeanne Black|19|F|78264
263|Larry Bauer|41|M|55346
264|Deborah Abel|36|F|90064
265|Robert Lemoine|26|M|84601
266|Ilene Johnson|62|F|78756
267|Charles Brzozowski|23|M|83716
268|Albert Travis|24|M|19422
269|Masako Cameron|31|F|43201
270|Julianna Wright|18|F|63119
271|Juan Dauphin|51|M|22932
272|William Spada|33|M|53706
273|Marion Camacho|50|F|10016
274|Kathryn Hamilton|20|F|55414
275|Daniel Krout|38|M|92064
276|Kenny Ripley|21|M|95064
277|Shiela Wright|35|F|55406
278|Sharon Layton|37|F|30033
279|Fredrick Henry|33|M|85251
280|Lauren Moore|30|F|22903
281|Danielle Fairchild|15|F|06059
282|Raymond Manthe|22|M|20057
283|David Bott|28|M|55305
284|Jordan Phillips|40|M|92629
285|John Criswell|25|M|53713
286|Sam Taylor|27|M|15217
287|Michael Ramirez|21|M|31211
288|Ronnie Haynes|34|M|23226
289|Anthony Mcintyre|11|M|94619
290|Ronnie Troke|40|M|93550
291|Lloyd Morris|19|M|44106
292|Renae Allegra|35|F|94703
293|Monte Lentz|24|M|60804
294|Leslie Nkomo|34|M|92110
295|Winfred Marques|31|M|50325
296|Violet Myer|43|F|16803
297|Ruby Miller|29|F|98103
298|Robert Clark|44|M|01581
299|Darryl White|29|M|63108
300|Taylor Fetterolf|26|F|55106
301|David Little|24|M|55439
302|Arthur Chandler|42|M|77904
303|William Moore|19|M|14853
304|Elise Weldon|22|F|71701
305|Rodney Peachey|23|M|94086
306|Robert Poston|45|M|73132
307|Bill Adens|25|M|55454
308|James Brady|60|M|95076
309|John Green|40|M|70802
310|Daniel Reynolds|37|M|91711
311|Jonathan Sharp|32|M|73071
312|Alvin Spicer|48|M|02110
313|Richard Minnick|41|M|60035
314|Myra Washburn|20|F|08043
315|Robert Lloyd|31|M|18301
316|Jennifer Sebastian|43|F|77009
317|Russell Brown|22|M|13210
318|Christopher Floyd|65|M|06518
319|Larry Bergman|38|M|22030
320|John Lee|19|M|24060
321|Velma White|49|F|55413
322|Neal James|20|M|50613
323|Edward Crocker|21|M|19149
324|Adriana Kelly|21|F|02176
325|Rodney Harper|48|M|02139
326|Derrick Miller|41|M|15235
327|Edward Dennard|22|M|11101
328|Darrell Mistrot|51|M|06779
329|Harry Erdman|48|M|01720
330|Mary Jones|35|F|33884
331|Luther Banks|33|M|91344
332|John Hardcastle|20|M|40504
333|Chadwick Mcintyre|47|M|V0R2M
334|Dallas Tuner|32|M|30002
335|Matthew Damour|45|M|33775
336|James Covington|23|M|42101
337|Jimmy Newman|37|M|10522
338|Sarah Baxter|39|F|59717
339|Andrew Joyce|35|M|37901
340|Fabian Avila|46|M|80123
341|Griselda Allen|17|F|44405
342|Jeanine Johnson|25|F|98006
343|John Soriano|43|M|30093
344|Elizabeth Curtis|30|F|94117
345|Chantell Marks|28|F|94143
346|Galen Miller|34|M|76059
347|Richard Jacinto|18|M|90210
348|Jennifer Adkinson|24|F|45660
349|Michael Lane|68|M|61455
350|Alfred Meyer|32|M|97301
351|Charles Lawson|61|M|49938
352|Judith Edmisten|37|F|55105
353|Gary Brimmage|25|M|28480
354|Veronica Fretwell|29|F|48197
355|Norman Bilderback|25|M|60135
356|Samantha Hubbs|32|F|92688
357|Marc Talbert|26|M|98133
358|Manuel Newsome|40|M|10022
359|Archie Jacobsen|22|M|61801
360|David Williams|51|M|98027
361|Marvin Teal|22|M|44074
362|Suzanne Liu|35|F|85233
363|Aaron Kenoyer|20|M|87501
364|Jonathan Ovit|63|M|01810
365|Thomas Ali|29|M|20009
366|Loretta Kazmierczak|20|F|50670
367|Phillip Lopez|17|M|37411
368|Carlos Sedillo|18|M|92113
369|Sanford Feith|24|M|91335
370|Fred Myers|52|M|08534
371|Terry Thibodeau|36|M|99206
372|Tricia Farias|25|F|66046
373|Mary Montgomery|24|F|55116
374|Joseph Whitson|36|M|78746
375|Michael Conrad|17|M|37777
376|Annette Sands|28|F|10010
377|Clyde Moore|22|M|18015
378|Robert Stamper|35|M|02859
379|Thomas Hess|44|M|98117
380|Craig Silvera|32|M|55117
381|Jeffery Bell|33|M|94608
382|Jesse Jensen|45|M|01824
383|Benjamin Bronson|42|M|75204
384|Rex Mayoras|52|M|45218
385|Steve Escobar|36|M|10003
386|Nicholas Villalpando|36|M|43221
387|Mark Mcclaine|33|M|37412
388|Evan Morris|31|M|36106
389|Janice Kerr|44|F|83702
390|Gertie Scherrer|42|F|85016
391|Juan Arteaga|23|M|84604
392|Arthur Ludwig|52|M|59801
393|Jimmy Smith|19|M|83686
394|Oscar Wright|25|M|96819
395|Eugene Havir|43|M|44092
396|Jerome Holliman|57|M|94551
397|Larry Hernandez|17|M|27514
398|Robert Grandfield|40|M|60008
399|Clarence Marino|25|M|92374
400|Linda Resch|33|F|78213
401|Madeline Skinner|46|F|84107
402|Walter Adkinson|30|M|95129
403|Jason Wilson|37|M|06811
404|Leah Larson|29|F|55108
405|Betty Johnston|22|F|10019
406|Steven Richmond|52|M|93109
407|Pierre Richardson|29|M|03261
408|Cedric Harris|23|M|61755
409|Paul Lopez|48|M|98225
410|Susan Groves|30|F|94025
411|Rolf Seely|34|M|44691
412|Wayne Harvey|25|M|15222
413|Richard Debem|55|M|78212
414|Thomas Finnefrock|24|M|38115
415|Douglas Kasper|39|M|85711
416|Gussie Brooks|20|F|92626
417|Phyllis Geigel|27|F|48103
418|Joann Taylor|55|F|21206
419|Frank Smith|37|M|43215
420|Stewart Knab|53|M|02140
421|Nancy Myers|38|F|55105
422|Marc Moses|26|M|94533
423|Robert Elliott|64|M|91606
424|Marilyn Holsomback|36|F|55422
425|Christopher Escobar|19|M|58644
426|Peter Daniels|55|M|01602
427|Martin Donahue|51|M|85258
428|Thomas Decker|28|M|55414
429|Jason Holmberg|27|M|29205
430|Ricky Andrews|38|M|98199
431|William Moore|24|M|92629
432|Joseph Ryan|22|M|50311
433|Robert Maust|27|M|11211
434|Tyra Hauser|16|F|49705
435|Michael Hall|24|M|60007
436|Teresa Clark|30|F|17345
437|Martha Williams|27|F|20009
438|Jillian Paulk|51|F|43204
439|Miriam Massey|23|F|20817
440|Otis Valencia|30|M|48076
441|Duane Tharp|50|M|55013
442|Bruce Trujillo|22|M|85282
443|Robert Underwood|35|M|33308
444|Cynthia Armstrong|51|F|53202
445|Francis Lee|21|M|92653
446|Paul Wellenstein|57|M|60201
447|Louis Johnson|30|M|55113
448|Eric Dunlap|23|M|10021
449|Larry Taylor|23|M|55021
450|Eileen Drayton|35|F|11758
451|Millard Roccio|16|M|48446
452|Adam Grace|35|M|28018
453|Jeffrey Romer|18|M|06333
454|John Donalson|57|M|97330
455|Caleb Roe|48|M|83709
456|James Piper|24|M|31820
457|Josephine Sutton|33|F|30011
458|Timothy Padilla|47|M|Y1A6B
459|Shawn Butler|22|M|29201
460|Abby Brown|44|F|60630
461|Martin Newman|15|M|98102
462|Sandy Leadbetter|19|F|02918
463|Angela Moore|48|F|75218
464|Dennis Ross|60|M|94583
465|Daniel Guillen|32|M|05001
466|William Weisberg|22|M|90804
467|Kevin Ramirez|29|M|91201
468|Wilbur Tschanz|28|M|02341
469|Thomas Milne|60|M|78628
470|Richard Taylor|24|M|10021
471|Fernando Lund|10|M|77459
472|Troy Washington|24|M|87544
473|Keith Harkins|29|M|94708
474|Juan Prieto|51|M|93711
475|Eugene Marley|30|M|75230
476|Jonathan Garner|28|M|60440
477|Sherry Johnson|23|F|02125
478|Michael Combs|29|M|10019
479|Jan Haskins|30|M|55409
480|Richard Gardner|57|M|98257
481|Seth Hughes|73|M|37771
482|Sarah Brennan|18|F|40256
483|Mario Hawley|29|M|43212
484|Josef Sturtz|27|M|21208
485|Barbara Albrecht|44|F|95821
486|Robert Vashaw|39|M|93101
487|Gary Bulow|22|M|92121
488|Gabriel Nelson|48|M|21012
489|Robbie Rviz|55|M|45218
490|Amber Green|29|F|V5A2B
491|Stacy Dilullo|43|F|53711
492|Earnest Hubbard|57|M|94618
493|Juan Neal|22|M|60090
494|Patricia Smith|38|F|49428
495|Scott Goodin|29|M|03052
496|Eleanor Kincade|21|F|55414
497|Allen Keenan|20|M|50112
498|Leslie Koehn|26|M|55408
499|Paul Lewandowski|42|M|75006
500|Angelo Brown|28|M|94305
501|Juan Allen|22|M|10025
502|Frank Hernandez|22|M|23092
503|Gloria Curtis|50|F|27514
504|Leah Reyes|40|F|92115
505|Leona Hector|27|F|20657
506|Timothy Loewen|46|M|03869
507|Elena Robert|18|F|28450
508|John Bonner|27|M|19382
509|Frederic Medina|23|M|10011
510|Lester Argueta|34|M|98038
511|David Riley|22|M|21250
512|Mark Cook|29|M|20090
513|Ernest Medina|43|M|26241
514|Micheal Kavanagh|27|M|20707
515|Jeff Mcdonald|53|M|49508
516|Christian Russell|53|F|10021
517|Jeffrey Tune|24|M|55454
518|Leslie Phillips|49|F|99709
519|Alva Cardinal|22|M|55320
520|Bill Golden|62|M|12603
521|Samuel Hatley|19|M|02146
522|Mathew Saez|36|M|55443
523|Cecile Cohen|50|F|04102
524|Kevin Jozwiak|56|M|02159
525|Jean Reed|27|F|19711
526|Randy Dever|30|M|97124
527|Brett Brink|33|M|12180
528|Jeremy Sansotta|18|M|55104
529|Marie Gibbons|47|F|44224
530|Albert Maberry|29|M|94040
531|Jeanette Gionet|30|F|97408
532|William Cobb|20|M|92705
533|Patrick Card|43|M|02324
534|James Cahn|20|M|05464
535|Margaret Steller|45|F|80302
536|Mark Beck|38|M|30078
537|Ronald Oneil|36|M|22902
538|Victor Brammell|31|M|21010
539|Susan Glover|53|F|80303
540|John Crandell|28|M|91201
541|Gertrude Rowe|19|F|84302
542|Don Willis|21|M|60515
543|Marcus Gralak|33|M|95123
544|Maria Thomas|44|F|29464
545|William Turk|27|M|08052
546|Shane Wright|36|M|22911
547|Phillip Graves|50|M|14534
548|Karl Lowman|51|M|95468
549|Mike Gordon|42|M|45680
550|Wendy Johnson|16|F|95453
551|David Owens|25|M|55414
552|Thurman King|45|M|68147
553|Harold Patel|58|M|62901
554|Tony Babcock|32|M|62901
555|Julia Meredith|29|F|23227
556|Deborah Rhames|35|F|30606
557|Theresa Crosby|30|F|11217
558|Deborah Barnes|56|F|63132
559|Steven Williams|69|M|10022
560|Charles Mars|32|M|10003
561|Kerry Worsham|23|M|60005
562|Patricia Mckeeman|54|F|20879
563|Josephine Clark|39|F|32707
564|Gary King|65|M|94591
565|Justin Davis|40|M|55422
566|Kenneth Nardini|20|M|14627
567|Courtney Hackett|24|M|10003
568|Eddie Cummings|39|M|01915
569|Michael Brooks|34|M|91903
570|Juan Westra|26|M|14627
571|Kim Dugan|34|M|01945
572|Wm Garrett|51|M|20003
573|William Lehmann|68|M|48911
574|Gus Forrest|56|M|53188
575|Eric Barron|33|M|46032
576|Edward Rudy|48|M|98281
577|Rebecca Mccabe|36|F|77845
578|Carlos Maxwell|31|M|M7A1A
579|Hector Davis|32|M|48103
580|Albert Depew|16|M|17961
581|Calvin Mcclure|37|M|94131
582|Craig Wildridge|17|M|93003
583|Ricky Butler|44|M|29631
584|Chad Peters|25|M|27511
585|James Liddell|69|M|98501
586|Jimmy Aivao|20|M|79508
587|Steven Aldrich|26|M|14216
588|Rosalie Coulter|18|F|93063
589|Howard Hall|21|M|90034
590|Stephen Nagel|50|M|82435
591|Diane Johnson|57|F|92093
592|Jeremy Newmark|18|M|97520
593|Carolina Bernhardt|31|F|68767
594|Christopher Mitchell|46|M|M4J2K
595|Juan Grove|25|M|31909
596|Phil Hurtado|20|M|77073
597|Joel Cole|23|M|84116
598|Lisa King|40|F|43085
599|Elba Pena|22|F|R3T5K
600|Samuel Dewitt|34|M|02320
601|Rachel Hamamoto|19|F|99687
602|Sylvia Anderson|47|F|34656
603|Romeo Dixon|21|M|47905
604|Anthony Carbonaro|39|M|11787
605|Porter Finneran|33|M|33716
606|Dion Williams|28|M|63044
607|Sharon Davis|49|F|02154
608|Christopher Pace|22|M|10003
609|Thelma Mikula|13|F|55106
610|Ralph Bergeron|22|M|21227
611|Henry Hopkins|46|M|77008
612|Stuart Davis|36|M|79070
613|Jean Shearer|37|F|29678
614|Timothy Smith|54|M|80227
615|Thomas Paxson|38|M|27705
616|Dennis Comfort|55|M|50613
617|Marjorie Herrera|27|F|11201
618|Jennifer Brown|15|F|44212
619|Frank Ahrens|17|M|44134
620|Ilene Fox|18|F|81648
621|William Thews|17|M|60402
622|Larry Hebert|25|M|14850
623|Shanda Steelman|50|F|60187
624|Arthur Cooper|19|M|30067
625|Merle Dargan|27|M|20723
626|Paul Peek|23|M|19807
627|Ryan Davis|24|M|08034
628|William Goulden|13|M|94306
629|Gail Miller|46|F|44224
630|Mollie Wene|26|F|55408
631|Melanie Novak|18|F|38866
632|Clyde Cruz|18|M|55454
633|Joe Santa|35|M|55414
634|David Tullius|39|M|T8H1N
635|Jason Nelson|22|M|23237
636|Donnie Wyatt|47|M|48043
637|David Bodkin|30|M|74101
638|Donald Paulk|45|M|01940
639|Priscilla Potter|42|F|12065
640|Domingo Daniel|20|M|61801
641|Evan Hall|24|M|60626
642|Patricia Brousseau|18|F|95521
643|Ernesto Reed|39|M|55122
644|Paul Williams|51|M|63645
645|John Jones|27|M|53211
646|Jessica Hamblin|17|F|51250
647|Ryan Bulloch|40|M|45810
648|Angel Morris|43|M|91351
649|George Sanders|20|M|39762
650|Chris Powell|42|M|83814
651|James Young|65|M|02903
652|Charles Carpenter|35|M|22911
653|Oscar Gross|31|M|55105
654|Maribel Creekmore|27|F|78739
655|Susan Phillips|50|F|60657
656|Kenneth Green|48|M|10314
657|Merry Shull|26|F|78704
658|Vance Nooner|33|M|92626
659|Harry Cannon|31|M|54248
660|Alex Peters|26|M|77380
661|Kermit Moore|28|M|98121
662|William Brown|55|M|19102
663|Eric Gadson|26|M|19341
664|Brad Martinez|30|M|94115
665|Cory Session|25|M|55412
666|Kenneth Hernandez|44|M|61820
667|Anthony Hadden|35|M|01970
668|Carmen Shriver|29|F|10016
669|Brandon Coggan|37|M|20009
670|Joshua Berry|30|M|21114
671|Paul Cecere|21|M|91919
672|Jane Lysak|54|F|90095
673|Clarence Whitlock|51|M|22906
674|Leon Stallworth|13|F|55337
675|Tyler Miller|34|M|28814
676|Leo Hall|30|M|32712
677|Stanley Fellman|20|M|99835
678|Johnie Keene|50|M|61462
679|Mary Mercer|20|F|54302
680|Thomas Waits|33|M|90405
681|Shari Hernandez|44|F|97208
682|Andrew Goss|23|M|55128
683|Timothy Hansen|42|M|23509
684|Chris Carmichael|28|M|55414
685|Carrie Gouty|32|F|55409
686|Don Dean|32|M|26506
687|Joanna Gibbs|31|F|27713
688|Barbara Hubbard|37|F|60476
689|Richard Ramon|25|M|45439
690|Mark Mcpherson|35|M|63304
691|Henry Ward|34|M|60089
692|Johnny Vidal|34|M|18053
693|Veronica Trantham|43|F|85210
694|Christopher Hunter|60|M|06365
695|Donald Koch|26|M|38115
696|Thomas Vargas|55|M|94920
697|Terrance Beasley|25|M|77042
698|Ashley Bosio|28|F|06906
699|Ross Hibbler|44|M|96754
700|David Hanna|17|M|76309
701|Molly Cohen|51|F|56321
702|Kyle Johnson|37|M|89104
703|Richard Mcdonald|26|M|49512
704|Cheri Harris|51|F|91105
705|Hazel Biller|21|F|54494
706|James Townsley|23|M|55454
707|Michelle Mcdaniel|56|F|19146
708|Hortensia Collins|26|F|96349
709|Allen Bowes|21|M|N4T1A
710|Thomas Obrien|19|M|92020
711|Olga Simpson|22|F|15203
712|Marie Paez|22|F|54901
713|Patricia Santana|42|F|07204
714|Charles Williams|26|M|55343
715|Mickey Brown|21|M|91206
716|Mari Jordan|36|F|44265
717|David Schmidt|24|M|84105
718|Glen Powers|42|M|64118
719|Lois Gandhi|37|F|V0R2H
720|Ashleigh Raebel|49|F|16506
721|Jane Berman|24|F|11238
722|Jane Bingler|50|F|17331
723|Gilberto Ramos|26|M|94403
724|Julius Mccoy|31|M|40243
725|Glenn Pastrano|21|M|91711
726|Charlotte Stephenson|25|F|80538
727|Henry Woodard|25|M|78741
728|William Branch|58|M|94306
729|Laurence Hagens|19|M|56567
730|Carol Rivera|31|F|32114
731|Janet Gausman|41|F|70403
732|Esther Forster|28|F|98405
733|Ursula Meraz|44|F|60630
734|Leslie Brown|25|F|63108
735|Donna Guerra|29|F|85719
736|Barbara Reese|48|F|94618
737|Robert Fromm|30|M|98072
738|Stephen Reed|35|M|95403
739|Wiley Whitley|35|M|73162
740|Janie Horner|25|F|22206
741|David Fisher|25|M|63108
742|Lee Eden|35|M|29210
743|Fred Hoffman|31|M|92660
744|Joseph Harrison|35|M|47024
745|Robert Hanson|42|M|55113
746|Mark Kesner|25|M|19047
747|Willie Bowling|19|M|93612
748|Johnny Leonard|28|M|94720
749|Jon Spears|33|M|80919
750|Thomas Dunphy|28|M|32303
751|Millie Stoneburner|24|F|90034
752|William Grant|60|M|21201
753|Mark Ortiz|56|M|91206
754|Carla Mclain|59|F|62901
755|Blake Mcquaig|44|F|97007
756|Nancy Johnson|30|F|90247
757|Clarence Minard|26|M|55104
758|Angelo Kalichman|27|M|53706
759|Marion Diaz|20|F|68503
760|Beatrice Coffelt|35|F|14211
761|Howard Parker|17|M|97302
762|Scott Maggard|32|M|95050
763|James Zellmer|27|M|02113
764|Lora Alfaro|27|F|62903
765|James Gibbons|31|M|33066
766|Alan Hynes|42|M|10960
767|Gregorio Biron|70|M|00000
768|Mathew Hinrichs|29|M|12866
769|Irving Evans|39|M|06927
770|Israel Schroeder|28|M|14216
771|Earl Numbers|26|M|15232
772|James Engman|50|M|27105
773|Jan Repp|20|M|55414
774|Adolfo Hall|30|M|80027
775|Arnold Reed|46|M|90036
776|James Martinez|30|M|51157
777|Jose Weinberger|63|M|01810
778|Milton Deans|34|M|01960
779|Charles Kinney|31|M|K7L5J
780|Francis Green|49|M|94560
781|Vance Griffith|20|M|48825
782|Louise Stanback|21|F|33205
783|James Ruvalcaba|30|M|77081
784|Lester Hurd|47|M|91040
785|Michael Welch|32|M|23322
786|Jeannette Krick|36|F|01754
787|Lori Phillip|18|F|98620
788|Robert Newton|51|M|05779
789|Frank Haugh|29|M|55420
790|Randell Galicia|27|M|80913
791|Michael Gochenour|31|M|20064
792|Charles Smith|40|M|12205
793|Dustin Haydock|22|M|85281
794|Phillip Meadows|32|M|57197
795|Shayne Goodrich|30|M|08610
796|Barbara Buffington|32|F|33755
797|Lisa Terrell|44|F|62522
798|Tammi Abbenante|40|F|64131
799|Lori Roybal|49|F|19716
800|Ricky Ledford|25|M|55337
801|Joseph Moates|22|M|92154
802|Rick Wray|35|M|34105
803|Steven Beeler|70|M|78212
804|Charles Harris|39|M|61820
805|Vicki Lawson|27|F|20009
806|Jim Martone|27|M|11217
807|Cherri Rodrigues|41|F|93555
808|Michael Lee|45|M|90016
809|Julie Dobbs|50|F|30803
810|Jacquelyn Baskerville|55|F|80526
811|Maria Spencer|40|F|73013
812|Ollie Simmons|22|M|76234
813|Rosemary Morrison|14|F|02136
814|John Ashby|30|M|12345
815|Ashley Callahan|32|M|28806
816|Jason Navarro|34|M|20755
817|Richard Crouch|19|M|60152
818|Clifford Hicks|28|M|27514
819|Bobbie Johnson|59|M|40205
820|Christopher Johnson|22|M|37725
821|Thomas Miller|37|M|77845
822|Debbie Holland|29|F|53144
823|Jason Priolo|27|M|50322
824|Marcus Hood|31|M|15017
825|Richard Davis|44|M|05452
826|William Stripling|28|M|77048
827|Jennifer Hostetler|23|F|80228
828|Oscar Webber|28|M|85282
829|Albert Cox|48|M|80209
830|Daniel Burnside|46|M|53066
831|Eldon Goodness|21|M|33765
832|Jason Ortiz|24|M|77042
833|Ryan Johnson|34|M|90019
834|Guillermo Macdougall|26|M|64153
835|Joan Palmer|44|F|11577
836|Michael Thompson|44|M|10018
837|Young Turner|36|F|55409
838|Tyson Tilton|23|M|01375
839|Debora Mohr|38|F|90814
840|Gerald Eddings|39|M|55406
841|Michael Montgomery|45|M|47401
842|Darrin Johnson|40|M|93055
843|Bernard Williams|35|M|44212
844|Clifton Vargas|22|M|95662
845|Donald Asuncion|64|M|97405
846|Denis Wade|27|M|47130
847|Andrew Jones|29|M|55417
848|Max Gorrell|46|M|02146
849|Bette Wraight|15|F|25652
850|Lowell Taylor|34|M|78390
851|Michael Dennard|18|M|29646
852|Burl Barajas|46|M|94086
853|Jack Guarini|49|M|40515
854|Crystal Smith|29|F|55408
855|Brandon Weissman|53|M|04988
856|Lynda Baez|43|F|97215
857|Susan Hale|35|F|V1G4L
858|Frank Klein|63|M|09645
859|Lori Guy|18|F|06492
860|Stacy Bright|70|F|48322
861|Marti Schwarz|38|F|14085
862|Paul Smith|25|M|13820
863|Frederick Burton|17|M|60089
864|Rodney Barry|27|M|63021
865|Jonathon Eichberger|25|M|11231
866|Ronald Kittredge|45|M|60302
867|Harold Somogyi|24|M|92507
868|Stephan Davidson|21|M|55303
869|Erick Thomas|30|M|10025
870|Thomas Lewis|22|M|65203
871|Robert Harman|31|M|44648
872|Jana Rhodes|19|F|74078
873|Melissa Johnson|48|F|33763
874|Benjamin Copes|36|M|37076
875|Elizabeth Messer|24|F|35802
876|Paul Powell|41|M|20902
877|Leslie Lincourt|30|M|77504
878|Megan Mince|50|F|98027
879|Brenda Lynch|33|F|55337
880|Travis Burpee|13|M|83702
881|Ronald Correa|39|M|43017
882|Joseph Parker|35|M|40503
883|Fredric Lee|49|M|50266
884|Bryon Davis|44|M|55337
885|Melissa Perry|30|F|95316
886|Wilbur Biederman|20|M|61820
887|Allison Lazo|14|F|27249
888|Michael Goode|41|M|17036
889|Gilbert Ullmann|24|M|78704
890|Claud Maxwell|32|M|97301
891|Hortensia Mente|51|F|03062
892|Jack Pena|36|M|45243
893|Michael Bey|25|M|95823
894|James Whitley|47|M|74075
895|Doreen Reed|31|F|32301
896|Cordell Reeves|28|M|91505
897|Gerald Abbott|30|M|33484
898|Neal Boyer|23|M|61755
899|Roy Castro|32|M|55116
900|Blair Mcclain|60|M|18505
901|Roy Gills|38|M|L1V3W
902|Brenda Mcclelland|45|F|97203
903|Donald Miller|28|M|20850
904|Nicole Herbert|17|F|61073
905|Theodore Galvan|27|M|30350
906|John Weaver|45|M|70124
907|Bridget Pearson|25|F|80526
908|Margarett Chisholm|44|F|68504
909|Virginia Estes|50|F|53171
910|Marvin Allen|28|M|29301
911|Geneva Schwarz|37|F|53210
912|Alex Eberhard|51|M|06512
913|Robert Davis|27|M|76201
914|Ethel Lantieri|44|F|08105
915|Dannie Beaudoin|50|M|60614
916|Christopher Murphy|27|M|N2L5N
917|Myrna Siemens|22|F|20006
918|Tyler Layne|40|M|70116
919|Arthur Marr|25|M|14216
920|Helen Lambert|30|F|90008
921|Agnes Elliam|20|F|98801
922|Allison Smith|29|F|21114
923|Tyron Brown|21|M|E2E3R
924|Joseph Christion|29|M|11753
925|Marjorie Walker|18|F|49036
926|Joseph Eagan|49|M|01701
927|Alvin Olguin|23|M|55428
928|Dale Harms|21|M|55408
929|David Medford|44|M|53711
930|Mary Huff|28|F|07310
931|Desmond Chavez|60|M|33556
932|Harold Calabrese|58|M|06437
933|Dennis Gilbert|28|M|48105
934|George Chung|61|M|22902
935|William Cornelison|42|M|66221
936|Mark Kelly|24|M|32789
937|Gary Fong|48|M|98072
938|Patricia Langlois|38|F|55038
939|Melva Carrol|26|F|33319
940|Randall Hill|32|M|02215
941|Don Hancock|20|M|97229
942|Geri Wilson|48|F|78209
943|Francisco Lee|22|M|77841
